-- Create the jishotech database
CREATE DATABASE IF NOT EXISTS jishotech;
USE jishotech;

-- Create Topics table
CREATE TABLE topics (
    id_topic INT PRIMARY KEY AUTO_INCREMENT,
    topic_name VARCHAR(255) NOT NULL
);

-- Create Words table
CREATE TABLE words (
    id_word INT PRIMARY KEY AUTO_INCREMENT,
    kanji VARCHAR(255),
    katakana VARCHAR(255),
    romaji VARCHAR(255),
    hiragana VARCHAR(255) NOT NULL,
    meaning VARCHAR(255) NOT NULL,
    example VARCHAR(255),       
    status VARCHAR(255),
    link VARCHAR(255)
);

-- Create WordTopic table
CREATE TABLE wordtopic (
    id_wordtopic INT PRIMARY KEY AUTO_INCREMENT,
    id_topic INT NOT NULL,
    id_word INT NOT NULL,
    FOREIGN KEY (id_topic) REFERENCES topics(id_topic),
    FOREIGN KEY (id_word) REFERENCES words(id_word)
);

-- Create User table
CREATE TABLE users (
    id_user INT PRIMARY KEY AUTO_INCREMENT,
    username VARCHAR(255) NOT NULL,
    email VARCHAR(255) NOT NULL,    
    password VARCHAR(255) NOT NULL,
    phone_number INT,
    status INT NOT NULL
);

-- Create Bookmark table
CREATE TABLE bookmarks (
    id_bookmark INT PRIMARY KEY AUTO_INCREMENT,
    id_word INT NOT NULL,
    id_user INT NOT NULL,
    FOREIGN KEY (id_word) REFERENCES words(id_word),
    FOREIGN KEY (id_user) REFERENCES users(id_user)
);

-- Create Quizz table
CREATE TABLE quizzes (
    id_quizz INT PRIMARY KEY AUTO_INCREMENT,
    id_topic INT NOT NULL,
    id_user INT NOT NULL,
    question VARCHAR(255) NOT NULL,
    right_answer VARCHAR(255) NOT NULL,
    FOREIGN KEY (id_topic) REFERENCES topics(id_topic),
    FOREIGN KEY (id_user) REFERENCES users(id_user)
);
 
-- Insert topics 

 INSERT INTO `jishotech`.`topics` (`id_topic`, `topic_name`) VALUES (1, '情報セキュリティ'),
 (2, 'コンピュータウイルス'),
 (3, '暗号化と認証'),
 (4, 'ネットワークセキュリティ'),
 (5, '人工知能'),
 (6, '機械学習');;

-- Insert words into words table
INSERT INTO `jishotech`.`words` (`id_word`, `kanji`, `katakana`, `romaji`, `hiragana`, `meaning`, `example`, `status`, `link`) VALUES 
 (1, '登録', NULL, NULL, 'とうろく', 'Đăng ký', '登録すべき情報', NULL, NULL),
 (2, '連絡先', NULL, NULL, 'れんらくさき', 'Thông tin liên lạc', '電話をかける時はあなたの氏名と連絡先を残さないといけない．', NULL, NULL),
 (3, '大事', NULL, NULL, 'だいじ', 'Quan trọng', 'わたしはのしかかってくるプレッシャーを感じた．家族全員にとって優勝することは一大事だった．', NULL, NULL),
 (4, '情報資産', NULL, NULL, 'じょうほうしさん', 'Tài sản thông tin', '企業や組織が所有する「顧客の個人情報」、「従業員の人事情報」、「会社の財務情報」のことを“情報資産”といいます。', NULL, NULL),
 (5, '無くす', NULL, NULL, 'なくす', 'Làm mất', ' 記録的な石油価格のため消費意欲が低下した．', NULL, NULL),
 (6, '盗む', NULL, NULL, 'ぬすむ', 'Ăn cắp', 'ヤクーブ夫人はウェチェスターの自宅でデザイナー時計を盗まれた．', NULL, NULL),
 (7, '悪用', NULL, NULL, 'あくよう', 'Lạm dụng', 'ここで続いていたことは権力の乱用であった．', NULL, NULL),
 (8, '対策', NULL, NULL, 'たいさく', 'Biện pháp đối phó', '事態収拾に向けて警察による強攻手段も辞さないと，政府は警告した', NULL, NULL),
 (9, '守る', NULL, NULL, 'まもる', 'Giữ', NULL, NULL, NULL),
 (10, '機密性', NULL, NULL, 'きみつせい', 'Tính bảo mật', '機密性は「見せたくない人が見られない状態」のことを言います。', NULL, NULL),
 (11, '完全性', NULL, NULL, 'かんぜんせい', 'Tính toàn vẹn', '完全性とは、「情報がちゃんとした状態であること」を指します', NULL, NULL),
 (12, '可用性', NULL, NULL, 'かようせい', 'Tính khả dụng', '可用性とは、「使用可能な状態」のことで、英語ではAvailability（アバイラビリティ）と表現します。', NULL, NULL),
 (13, '維持する', NULL, NULL, 'いじする', 'Duy trì', NULL, NULL, NULL),
 (14, '不正', NULL, NULL, 'ふせい', 'Bất hợp pháp', NULL, NULL, NULL),
 (15, '第三者', NULL, NULL, 'だいさんしゃ', 'Người thứ ba/bên thứ ba', NULL, NULL, NULL),
 (16, '情報漏えい', NULL, NULL, 'じょうほうろうえい', 'Rò rỉ thông tin', NULL, NULL, NULL),
 (17, '暗号化', NULL, NULL, 'あんごうか', 'Mã hoá', NULL, NULL, NULL),
 (18, '向上', NULL, NULL, 'こうじょう', 'Tăng cường, nâng cao', NULL, NULL, NULL),
 (19, '書き換える', NULL, NULL, 'かきかえる', 'Viết lại', NULL, NULL, NULL),
 (20, '欠ける', NULL, NULL, 'かける', 'Khuyết, thiếu', NULL, NULL, NULL),
 (21, 'ディジタル署名', NULL, NULL, 'ディジタルしょめい/\nデジタルしょめい', 'Chữ ký điện tử', NULL, NULL, NULL),
 (22, '定期', NULL, NULL, 'ていき', 'Định kỳ', NULL, NULL, NULL),
 (23, '電子透かし', NULL, NULL, 'でんしすかし', 'Thuỷ vân số (Digital watermarking)', NULL, NULL, NULL),
 (24, '画像', NULL, NULL, 'がぞう', 'Hình ảnh', NULL, NULL, NULL),
 (25, '音声', NULL, NULL, 'おんせい', 'Âm thanh', NULL, NULL, NULL),
 (26, '動画', NULL, NULL, 'どうが', 'Video', NULL, NULL, NULL),
 (27, '埋め込む', NULL, NULL, 'うめこむ', 'Nhúng', NULL, NULL, NULL),
 (28, '作者名', NULL, NULL, 'さくしゃめい', 'Tên tác giả', NULL, NULL, NULL),
 (29, '課金情報', NULL, NULL, 'かきんじょうほう', 'Thông tin thanh toán', NULL, NULL, NULL),
 (30, 'コピー可能回数', NULL, NULL, 'コピーかのうかいすう', 'Số lần sao chép khả dụng', NULL, NULL, NULL),
 (31, '不正コピー', NULL, NULL, 'ふせいコピー', 'Sao chép bất hợp pháp', NULL, NULL, NULL),
 (32, 'データ改ざん', NULL, NULL, 'データかいざん', 'Giả mạo/Xuyên tạc dữ liệu', NULL, NULL, NULL),
 (33, '判別する', NULL, NULL, 'はんべつする', 'Phân biệt', NULL, NULL, NULL),
 (34, '装う', NULL, NULL, 'よそおう', 'Giả vờ, ngụy trang', NULL, NULL, NULL),
 (35, '侵入する', NULL, NULL, 'しんにゅうする', 'Xâm nhập', NULL, NULL, NULL),
 (36, '外部流出', NULL, NULL, 'がいぶりゅうしゅつ', 'Rò rỉ ra ngoài', NULL, NULL, NULL),
 (37, '自己増殖', NULL, NULL, 'じこぞうしょく', 'Tự sinh sôi', NULL, NULL, NULL),
 (38, '単独', NULL, NULL, 'たんどく', 'Một mình', NULL, NULL, NULL),
 (39, '経由', NULL, NULL, 'けいゆ', 'Thông qua', NULL, NULL, NULL),
 (40, '入り込む', NULL, NULL, 'いりこむ', 'Đi vào', NULL, NULL, NULL),
 (41, '脅威', NULL, NULL, 'きょうい', 'Mối đe dọa', NULL, NULL, NULL),
 (42, '晒す', NULL, NULL, 'さらす', 'Phơi bày, lộ ra', NULL, NULL, NULL),
 (43, 'きちんと把握する', NULL, NULL, 'きちんとはあくする', 'Nắm bắt một cách rõ ràng', NULL, NULL, NULL),
 (44, '技術的脅威', NULL, NULL, 'ぎじゅつてききょうい', 'Mối đe dọa kỹ thuật', NULL, NULL, NULL),
 (45, '人的脅威', NULL, NULL, 'じんてききょうい', 'Mối đe dọa con người', NULL, NULL, NULL),
 (46, '物理的脅威', NULL, NULL, 'ぶつりてききょうい', 'Mối đe dọa vật lý', NULL, NULL, NULL),
 (47, '手口', NULL, NULL, 'てぐち', 'Thủ thuật', NULL, NULL, NULL),
 (48, '攻撃', NULL, NULL, 'こうげき', 'Tấn công', NULL, NULL, NULL),
 (49, '装う', NULL, NULL, 'よそおう', 'Giả/ngụy trang', NULL, NULL, NULL),
 (50, '偽', NULL, NULL, 'にせ', 'Giả', NULL, NULL, NULL),
 (51, '載せる', NULL, NULL, 'のせる', 'Đặt, đăng', NULL, NULL, NULL),
 (52, '電子メール', NULL, NULL, 'でんしメール', 'Thư điện tử', NULL, NULL, NULL),
 (53, 'URLを載せた電子メール', NULL, NULL, 'ユーアールエルをのせたでんしメール', 'Thư điện tử có chứa đường dẫn đến trang web', NULL, NULL, NULL),
 (54, '暗証番号', NULL, NULL, 'あんしょうばんごう', 'Mã số bảo mật', NULL, NULL, NULL),
 (55, 'だまし取る', NULL, NULL, 'だましとる', 'Lừa gạt để lấy đi...', NULL, NULL, NULL),
 (56, '参照する', NULL, NULL, 'さんしょうする', 'Tham khảo, tham chiếu', NULL, NULL, NULL),
 (57, '誤る', NULL, NULL, 'あやまる', 'Bị lỗi, sai', NULL, NULL, NULL),
 (58, '覚え込む', NULL, NULL, 'おぼえこむ', 'Nhớ', NULL, NULL, NULL),
 (59, '誘導する', NULL, NULL, 'ゆうどうする', 'Xúi giục/dẫn dắt làm điều xấu', NULL, NULL, NULL),
 (60, '悪意', NULL, NULL, 'あくい', 'Ác ý, độc hại', NULL, NULL, NULL),
 (61, '問合せる', NULL, NULL, 'といあわせる', 'Truy vấn', NULL, NULL, NULL),
 (62, '操作', NULL, NULL, 'そうさ', 'Thao tác', NULL, NULL, NULL),
 (63, '命令文', NULL, NULL, 'めいれいぶん', 'Câu lệnh', NULL, NULL, NULL),
 (64, '取得する', NULL, NULL, 'しゅとくする', 'Đạt được, có được', NULL, NULL, NULL),
 (65, '防ぐ', NULL, NULL, 'ふせぐ', 'Đề phòng, dự phòng', NULL, NULL, NULL),
 (66, '入力中', NULL, NULL, 'にゅうりょくちゅう', 'Trong quá trình nhập vào', NULL, NULL, NULL),
 (67, '解釈', NULL, NULL, 'かいしゃく', 'Giải nghĩa, cắt nghĩa', NULL, NULL, NULL),
 (68, '無効化', NULL, NULL, 'むこうか', 'Vô hiệu hoá', NULL, NULL, NULL),
 (69, '大量', NULL, NULL, 'たいりょう', 'Số lượng lớn', NULL, NULL, NULL),
 (70, '機能', NULL, NULL, 'きのう', 'Chức năng', NULL, NULL, NULL),
 (71, '停止する', NULL, NULL, 'ていしする', 'Dừng', NULL, NULL, NULL),
 (72, '管理者', NULL, NULL, 'かんりしゃ', 'Người quản lý', NULL, NULL, NULL),
 (73, '意図', NULL, NULL, 'いと', 'Ý định, chủ ý', NULL, NULL, NULL),
 (74, '指定', NULL, NULL, 'してい', 'Chỉ định', NULL, NULL, NULL),
 (75, '許可', NULL, NULL, 'きょか', 'Cho phép', NULL, NULL, NULL),
 (76, '閲覧', NULL, NULL, 'えつらん', 'Duyệt', NULL, NULL, NULL),
 (77, '動向', NULL, NULL, 'どうこう', 'Xu hướng', NULL, NULL, NULL),
 (78, '収集', NULL, NULL, 'しゅうしゅう', 'Thu thập', NULL, NULL, NULL),
 (79, '監視', NULL, NULL, 'かんし', 'Giám sát', NULL, NULL, NULL),
 (80, '記録', NULL, NULL, 'きろく', 'Ghi lại', NULL, NULL, NULL),
 (81, NULL, NULL, NULL, 'こっそり', 'Vụng trộm, lén lút', NULL, NULL, NULL),
 (82, '仕掛ける', NULL, NULL, 'しかける', 'Thiết lập', NULL, NULL, NULL),
 (83, 'SQL文', NULL, NULL, 'エスキューエルぶん', 'Câu lệnh SQL', NULL, NULL, NULL),
 (84, '置き忘れ', NULL, NULL, 'おきわすれ', 'Để quên', NULL, NULL, NULL),
 (85, '操作ミス', NULL, NULL, 'そうさミス', 'Lỗi thao tác', NULL, NULL, NULL),
 (86, 'もち主', NULL, NULL, 'もちぬし', 'Người chủ sở hữu', NULL, NULL, NULL),
 (87, NULL, NULL, NULL, 'うっかりミス', 'Lỗi vô ý', NULL, NULL, NULL),
 (88, '内部関係者', NULL, NULL, 'ないぶかんけいしゃ', 'Người trong cuộc', NULL, NULL, NULL),
 (89, '聞き出す', NULL, NULL, 'ききだす', 'Hỏi', NULL, NULL, NULL),
 (90, '緊急事態', NULL, NULL, 'きんきゅうじたい', 'Trường hợp khẩn cấp', NULL, NULL, NULL),
 (91, '組織内部', NULL, NULL, 'そしきないぶ', 'Nội bộ tổ chức', NULL, NULL, NULL),
 (92, '機密情報', NULL, NULL, 'きみつじょうほう', 'Thông tin cơ mật', NULL, NULL, NULL),
 (93, '人間の心理', NULL, NULL, 'にんげんのしんり', 'Tâm lý con người', NULL, NULL, NULL),
 (94, '隙を付く', NULL, NULL, 'すきをつく', 'Lợi dụng lỗ hổng', NULL, NULL, NULL),
 (95, '盗む行為', NULL, NULL, 'ぬすむこうい', 'Hành vi ăn cắp', NULL, NULL, NULL),
 (96, NULL, NULL, NULL, 'なりすまし', 'Mạo danh', NULL, NULL, NULL),
 (97, '人のふり', NULL, NULL, 'ひとのふり', 'Giả vờ là người đó', NULL, NULL, NULL),
 (98, '他人', NULL, NULL, 'たにん', 'Người khác', NULL, NULL, NULL),
 (99, '迷惑', NULL, NULL, 'めいわく', 'Làm phiền', NULL, NULL, NULL),
 (100, '行動', NULL, NULL, 'こうどう', 'Hành động', NULL, NULL, NULL),
 (101, 'サラミ法', NULL, NULL, 'サラミほう', 'Phương pháp salami (Salami slicing)\n(サラミテクニック：Salami technique)', NULL, NULL, NULL),
 (102, '不正行為', NULL, NULL, 'ふせいこうい', 'Hành vi bất hợp pháp/Gian lận', NULL, NULL, NULL),
 (103, '表面化', NULL, NULL, 'ひょうめんか', 'Bề mặt hoá', NULL, NULL, NULL),
 (104, '程度', NULL, NULL, 'ていど', 'Mức độ', NULL, NULL, NULL),
 (105, '多数の資産', NULL, NULL, 'たすうのしさん', 'Nhiều tài sản', NULL, NULL, NULL),
 (106, '詐取', NULL, NULL, 'さしゅ', 'Gian lận, lừa gạt', NULL, NULL, NULL),
 (107, '大雨', NULL, NULL, 'おおあめ', 'Mưa lớn', NULL, NULL, NULL),
 (108, '地震', NULL, NULL, 'じしん', 'Động đất', NULL, NULL, NULL),
 (109, '落雷', NULL, NULL, 'らくらい', 'Sấm sét', NULL, NULL, NULL),
 (110, '災害', NULL, NULL, 'さいがい', 'Thảm họa', NULL, NULL, NULL),
 (111, '故障', NULL, NULL, 'こしょう', 'Hỏng hóc', NULL, NULL, NULL),
 (112, '損害', NULL, NULL, 'そんがい', 'Hư hại', NULL, NULL, NULL),
 (113, '失う', NULL, NULL, 'うしなう', 'Mất, đánh mất', NULL, NULL, NULL),
 (114, '空き巣', NULL, NULL, 'あきす', 'Kẻ trộm', NULL, NULL, NULL),
 (115, '盗難', NULL, NULL, 'とうなん', 'Trộm cắp', NULL, NULL, NULL),
 (116, '破壊', NULL, NULL, 'はかい', 'Phá huỷ', NULL, NULL, NULL),
 (117, 'リスクを洗い出す', NULL, NULL, 'リスクをあらいだす', 'Xác định rủi ro', NULL, NULL, NULL),
 (118, 'リスク対応', NULL, NULL, 'リスクたいおう', 'Ứng phó rủi ro', NULL, NULL, NULL),
 (119, 'リスク回避', NULL, NULL, 'リスクかいひ', 'Tránh rủi ro', NULL, NULL, NULL),
 (120, 'リスク移転', NULL, NULL, 'リスクいてん', 'Chuyển rủi ro', NULL, NULL, NULL),
 (121, 'リスク共有', NULL, NULL, 'リスクきょうゆう', 'Chia sẻ rủi ro', NULL, NULL, NULL),
 (122, 'リスク軽減', NULL, NULL, 'リスクけいげん', 'Giảm thiểu rủi ro', NULL, NULL, NULL),
 (123, 'リスク保有', NULL, NULL, 'リスクほゆう', 'Chấp nhận rủi ro', NULL, NULL, NULL),
 (124, '予測リスク', NULL, NULL, 'よそくリスク', 'Rủi ro dự đoán trước', NULL, NULL, NULL),
 (125, '明らか', NULL, NULL, 'あきらか', 'Rõ ràng', NULL, NULL, NULL),
 (126, '策定する', NULL, NULL, 'さくていする', 'Xây dựng', NULL, NULL, NULL),
 (127, '一連', NULL, NULL, 'いちれん', 'Một chuỗi', NULL, NULL, NULL),
 (128, '分析', NULL, NULL, 'ぶんせき', 'Phân tích', NULL, NULL, NULL),
 (129, '得る', NULL, NULL, 'える', 'Đạt được', NULL, NULL, NULL),
 (130, '損失額', NULL, NULL, 'そんしつがく', 'Tỉ lệ tổn thất', NULL, NULL, NULL),
 (131, '発生確率', NULL, NULL, 'はっせいかくりつ', 'Xác suất phát sinh', NULL, NULL, NULL),
 (132, '発生時', NULL, NULL, 'はっせいじ', 'Thời điểm phát sinh', NULL, NULL, NULL),
 (133, '被害', NULL, NULL, 'ひがい', 'Thiệt hại', NULL, NULL, NULL),
 (134, '評価する', NULL, NULL, 'ひょうかする', 'Đánh giá', NULL, NULL, NULL),
 (135, '優先度', NULL, NULL, 'ゆうせんど', 'Độ ưu tiên', NULL, NULL, NULL),
 (136, '優先度をつける', NULL, NULL, 'ゆうせんどをつける', 'Ưu tiên', NULL, NULL, NULL),
 (137, '検討する', NULL, NULL, 'けんとうする', 'Xem xét', NULL, NULL, NULL),
 (138, '排除する', NULL, NULL, 'はいじょする', 'Loại trừ', NULL, NULL, NULL),
 (139, '発生率', NULL, NULL, 'はっせいりつ', 'Tỉ lệ phát sinh', NULL, NULL, NULL),
 (140, '破棄', NULL, NULL, 'はき', 'Bỏ đi', '彼女は一方的に婚約を破棄した\n見られたくないテストはこっそり破棄する', NULL, NULL),
 (141, '公開', NULL, NULL, 'こうかい', 'Công khai', NULL, NULL, NULL),
 (142, '他者', NULL, NULL, 'たしゃ', 'Người khác', NULL, NULL, NULL),
 (143, '肩代わする', NULL, NULL, 'かたがわする', 'Chịu trách nhiệm', NULL, NULL, NULL),
 (144, '保険', NULL, NULL, 'ほけん', 'Bảo hiểm', NULL, NULL, NULL),
 (145, '加入', NULL, NULL, 'かにゅう', 'Gia nhập', NULL, NULL, NULL),
 (146, '許容範囲内', NULL, NULL, 'きょようはんいない', 'Trong phạm vi chịu đựng được', NULL, NULL, NULL),
 (147, '対策を講じない', NULL, NULL, 'たいさくをこうじない', 'Không thực hiện các biện pháp đối phó', NULL, NULL, NULL),
 (148, '応じる', NULL, NULL, 'おうじる', 'Trả lời', NULL, NULL, NULL),
 (149, '優先順位付け', NULL, NULL, 'ゆうせんじゅんいづけ', 'Sắp xếp thứ tự ưu tiên', NULL, NULL, NULL),
 (150, '優先順位を付ける', NULL, NULL, 'ゆうせんじゅんいをつける', 'Sắp xếp thứ tự ưu tiên', NULL, NULL, NULL),
 (151, '種別', NULL, NULL, 'しゅべつ', 'Kiểu', NULL, NULL, NULL),
 (152, '事例', NULL, NULL, 'じれい', 'Nghiên cứu điển hình', NULL, NULL, NULL),
 (153, '企業', NULL, NULL, 'きぎょう', 'Xí nghiệp', NULL, NULL, NULL),
 (154, '適切', NULL, NULL, 'てきせつ', 'Thích hợp', NULL, NULL, NULL),
 (155, '確立する', NULL, NULL, 'かくりつする', 'Thành lập', NULL, NULL, NULL),
 (156, '継続的', NULL, NULL, 'けいぞくてき', 'Tiếp diễn', NULL, NULL, NULL),
 (157, '改善', NULL, NULL, 'かいぜん', 'Cải tiến', NULL, NULL, NULL),
 (158, '手順', NULL, NULL, 'てじゅん', 'Quy trình', NULL, NULL, NULL),
 (159, NULL, NULL, NULL, 'おおよそ', 'Đại khái', NULL, NULL, NULL),
 (160, '適用宣言書', NULL, NULL, 'てきようせんげんしょ', 'Bản tuyên bố áp dụng\n（Statement Of Applicability）', NULL, NULL, NULL),
 (161, '大まか', NULL, NULL, 'おおまか', 'Khái quát/chung chung', NULL, NULL, NULL),
 (162, '取り扱う', NULL, NULL, 'とりあつかう', 'Xử lý', NULL, NULL, NULL),
 (163, 'ノート型PC', NULL, NULL, 'ノートがたピーシー', 'Máy tính xách tay', NULL, NULL, NULL),
 (164, '持ち歩く', NULL, NULL, 'もちあるく', 'Mang đi, mang theo', NULL, NULL, NULL),
 (165, '紛失', NULL, NULL, 'ふんしつ', 'Tổn thất', NULL, NULL, NULL),
 (166, '磁気ディスク', NULL, NULL, 'じきディスク', 'Đĩa từ', NULL, NULL, NULL),
 (167, '廃棄する', NULL, NULL, 'はいきする', 'Thải/bỏ, tiêu hủy', '私たちは仕方なく在庫を廃棄した', NULL, NULL),
 (168, '産業廃棄物処理業者', NULL, NULL, 'さんぎょうはいきぶつしょりぎょうしゃ', 'Công ty xử lý rác thải công nghiệp', NULL, NULL, NULL),
 (169, '引き渡す', NULL, NULL, 'ひきわたす', 'Trao/giao', NULL, NULL, NULL),
 (170, '全領域', NULL, NULL, 'ぜんりょういき', 'Toàn bộ vùng', NULL, NULL, NULL),
 (171, '上書きする', NULL, NULL, 'うわがきする', 'Viết đè lên', NULL, NULL, NULL),
 (172, '消去', NULL, NULL, 'しょうきょ', 'Xóa', NULL, NULL, NULL),
 (173, '添付', NULL, NULL, 'てんぷ', 'Đính kèm', NULL, NULL, NULL),
 (174, '記載せず', NULL, NULL, 'きさいぜず', 'Không mô tả （≈記載しない）', NULL, NULL, NULL),
 (175, '手段', NULL, NULL, 'しゅだん', 'Phương tiện', NULL, NULL, NULL),
 (176, '宛先', NULL, NULL, 'あてさき', 'Bên nhận', NULL, NULL, NULL),
 (177, '間違える', NULL, NULL, 'まちがえる', 'Sai', NULL, NULL, NULL),
 (178, '誤送信', NULL, NULL, 'ごそうしん', 'Gửi sai/nhầm', NULL, NULL, NULL),
 (179, '訪問者', NULL, NULL, 'ほうもんしゃ', 'Khách, người đến thăm', NULL, NULL, NULL),
 (180, '市販', NULL, NULL, 'しはん', 'Có sẵn trên thị trường, được bày bán trên thị trường', NULL, NULL, NULL),
 (181, '脆弱性', NULL, NULL, 'ぜいじゃくせい', 'Lỗ hổng bảo mật', NULL, NULL, NULL),
 (182, '宿主', NULL, NULL, 'しゅくしゅ', 'Máy chủ', NULL, NULL, NULL),
 (183, '探す', NULL, NULL, 'さがす', 'Tìm kiếm', NULL, NULL, NULL),
 (184, '自己伝染', NULL, NULL, 'じこでんせん', 'Tự lây nhiễm', NULL, NULL, NULL),
 (185, '繰り返す', NULL, NULL, 'くりかえす', 'Lặp đi lặp lại', NULL, NULL, NULL),
 (186, '急増', NULL, NULL, 'きゅうぞう', 'Tăng đột ngột', NULL, NULL, NULL),
 (187, '表示', NULL, NULL, 'ひょうじ', 'Hiển thị', NULL, NULL, NULL),
 (188, '脅かす', NULL, NULL, 'おびやかす', 'Đe doạ', NULL, NULL, NULL),
 (189, '過負荷状態', NULL, NULL, 'かふかじょうたい', 'Tình trạng quá tải', NULL, NULL, NULL),
 (190, '盗聴', NULL, NULL, 'とうちょう', 'Nghe trộm', NULL, NULL, NULL),
 (191, '書き換える', NULL, NULL, 'かきかえる', 'Viết lại', NULL, NULL, NULL),
 (192, '該当する', NULL, NULL, 'がいとうする', 'Áp dụng, tương ứng', NULL, NULL, NULL),
 (193, '低下する', NULL, NULL, 'ていかする', 'Hạ xuống', NULL, NULL, NULL),
 (194, '分散する', NULL, NULL, 'ぶんさんする', 'Phân tán', NULL, NULL, NULL),
 (195, '除去する', NULL, NULL, 'じょきょする', 'Xoá', NULL, NULL, NULL),
 (196, '扱う', NULL, NULL, 'あつかう', 'Xử lý', NULL, NULL, NULL),
 (197, '分解する', NULL, NULL, 'ぶんかいする', 'Chia/tách', NULL, NULL, NULL),
 (198, '集約する', NULL, NULL, 'しゅうやくする', 'Tóm tắt', NULL, NULL, NULL),
 (199, '付加する', NULL, NULL, 'ふかする', 'Thêm vào', NULL, NULL, NULL),
 (200, '媒体', NULL, NULL, 'ばいたい', 'Phương tiện truyền dẫn, vật trung gian, dung môi', NULL, NULL, NULL),
 (201, '遠隔地', NULL, NULL, 'えんかくち', 'Vùng ở xa', NULL, NULL, NULL),
 (202, '保管する', NULL, NULL, 'ほかんする', 'Bảo quản, giữ gìn', NULL, NULL, NULL),
 (203, '経済産業省', NULL, NULL, 'けいざいさんぎょうしょう', 'Bộ Kinh tế, Thương mại và Công nghiệp', NULL, NULL, NULL),
 (204, '定める', NULL, NULL, 'さだめる', 'Xác định', NULL, NULL, NULL),
 (205, '対策基準', NULL, NULL, 'たいさくきじゅん', 'Tiêu chuẩn đối phó', NULL, NULL, NULL),
 (206, '意図的に', NULL, NULL, 'いとてきに', 'Cố tình, cố ý', NULL, NULL, NULL),
 (207, '被害', NULL, NULL, 'ひがい', 'Hư hại', NULL, NULL, NULL),
 (208, '及ぼす', NULL, NULL, 'およぼす', 'Có ảnh hưởng, gây ra...', NULL, NULL, NULL),
 (209, '有する', NULL, NULL, 'ゆうする', 'Có', NULL, NULL, NULL),
 (210, '定義する', NULL, NULL, 'ていぎする', 'Định nghĩa', NULL, NULL, NULL),
 (211, '自分自身', NULL, NULL, 'じぶんじしん', 'Riêng bản thân', NULL, NULL, NULL),
 (212, '伝染', NULL, NULL, 'でんせん', 'Lây nhiễm, lan truyền', NULL, NULL, NULL),
 (213, '自己伝染機能', NULL, NULL, 'じこでんせんきのう', 'Chức năng tự lây nhiễm', NULL, NULL, NULL),
 (214, '特定', NULL, NULL, 'とくてい', 'Đã định trước', NULL, NULL, NULL),
 (215, '日時', NULL, NULL, 'にちじ', 'Ngày và giờ', NULL, NULL, NULL),
 (216, '処理回数', NULL, NULL, 'しょりかいすう', 'Số lần xử lý', NULL, NULL, NULL),
 (217, '至る', NULL, NULL, 'いたる', 'Đạt được', NULL, NULL, NULL),
 (218, '症状', NULL, NULL, 'しょうじょう', 'Triệu chứng', NULL, NULL, NULL),
 (219, '潜伏機能', NULL, NULL, 'せんぷくきのう', 'Chức năng tiềm ẩn', NULL, NULL, NULL),
 (220, '破壊', NULL, NULL, 'はかい', 'Phá huỷ', NULL, NULL, NULL),
 (221, '設計者', NULL, NULL, 'せっけいしゃ', 'Người thiết kế', NULL, NULL, NULL),
 (222, '発病機能', NULL, NULL, 'はつびょうきのう', 'Chức năng gây bệnh', NULL, NULL, NULL),
 (223, '当てはまらない', NULL, NULL, 'あてはまらない', 'Không áp dụng', NULL, NULL, NULL),
 (224, '全般', NULL, NULL, 'ぜんぱん', 'Toàn bộ, toàn diện', NULL, NULL, NULL),
 (225, '特徴', NULL, NULL, 'とくちょう', 'Đặc trưng', NULL, NULL, NULL),
 (226, 'マクロ型ウイルス', NULL, NULL, 'マクロがたウイルス', 'Virus macro', NULL, NULL, NULL),
 (227, 'ファイル感染型ウイルス', NULL, NULL, 'ファイルかんせんがたウイルス', 'Virus lây nhiễm vào tệp tin', NULL, NULL, NULL),
 (228, 'システム領域感染型ウイルス', NULL, NULL, 'システムりょういきかんせんがたウイルス', 'Virus lây nhiễm theo vùng hệ thống', NULL, NULL, NULL),
 (229, 'トロイの木馬', NULL, NULL, 'トロイのもくば', 'Trojan horse virus', NULL, NULL, NULL),
 (230, '表計算ソフト', NULL, NULL, 'ひょうけいさんソフト', 'Phần mềm bảng tính', NULL, NULL, NULL),
 (231, '感染する', NULL, NULL, 'かんせんする', 'Lây nhiễm, lây lan', NULL, NULL, NULL),
 (232, '開く', NULL, NULL, 'ひらく', 'Mở', NULL, NULL, NULL),
 (233, '拡張子', NULL, NULL, 'かくちょうし', 'Đuôi file (ví dụ .exe, .doc, .xls)', NULL, NULL, NULL),
 (234, '実行型ファイル', NULL, NULL, 'じっこうがたファイル', 'Tệp tin thực thi', NULL, NULL, NULL),
 (235, '起動時', NULL, NULL, 'きどうじ', 'Lúc khởi động', NULL, NULL, NULL),
 (236, '装う', NULL, NULL, 'よそおう', 'Giả vờ, ngụy trang', NULL, NULL, NULL),
 (237, '侵入する', NULL, NULL, 'しんにゅうする', 'Xâm nhập', NULL, NULL, NULL),
 (238, '外部流出', NULL, NULL, 'がいぶりゅうしゅつ', 'Rò rỉ ra ngoài', NULL, NULL, NULL),
 (239, '自己増殖', NULL, NULL, 'じこぞうしょく', 'Tự sinh sôi', NULL, NULL, NULL),
 (240, '単独', NULL, NULL, 'たんどく', 'Một mình', NULL, NULL, NULL),
 (241, '経由', NULL, NULL, 'けいゆ', 'Thông qua', NULL, NULL, NULL),
 (242, '入り込む', NULL, NULL, 'いりこむ', 'Đi vào', NULL, NULL, NULL),
 (243, '予防', NULL, NULL, 'よぼう', 'Phòng ngừa', NULL, NULL, NULL),
 (244, '検知', NULL, NULL, 'けんち', 'Phát hiện', NULL, NULL, NULL),
 (245, '感染源', NULL, NULL, 'かんせんげん', 'Nguồn lây nhiễm', NULL, NULL, NULL),
 (246, '主に', NULL, NULL, 'おもに', 'Chủ yếu', NULL, NULL, NULL),
 (247, NULL, NULL, NULL, 'むやみに', 'Bừa bãi, thiếu thận trọng', NULL, NULL, NULL),
 (248, '重要', NULL, NULL, 'じゅうよう', 'Quan trọng', NULL, NULL, NULL),
 (249, '閲覧', NULL, NULL, 'えつらん', 'Duyệt', NULL, NULL, NULL),
 (250, '怪しい', NULL, NULL, 'あやしい', 'Đáng ngờ', NULL, NULL, NULL),
 (251, '脆弱性', NULL, NULL, 'ぜいじゃくせい', 'Tính dễ bị tổn thương, Lỗ hổng bảo mật', NULL, NULL, NULL),
 (252, '突く', NULL, NULL, 'つく', 'Tấn công', NULL, NULL, NULL),
 (253, '修正', NULL, NULL, 'しゅうせい', 'Sửa chữa', NULL, NULL, NULL),
 (254, '必ず', NULL, NULL, 'かならず', 'Nhất thiết', NULL, NULL, NULL),
 (255, '既知', NULL, NULL, 'きち', 'Đã biết', NULL, NULL, NULL),
 (256, '比較する', NULL, NULL, 'ひかくする', 'So sánh', NULL, NULL, NULL),
 (257, '駆除', NULL, NULL, 'くじょ', 'Loại bỏ, tiêu diệt (virus, côn trùng)', NULL, NULL, NULL),
 (258, '更新', NULL, NULL, 'こうしん', 'Cập nhật', NULL, NULL, NULL),
 (259, '切り離す', NULL, NULL, 'きりはなす', 'Ngắt kết nối', NULL, NULL, NULL),
 (260, '通じて', NULL, NULL, 'つうじて', 'Thông qua', NULL, NULL, NULL),
 (261, '広げる', NULL, NULL, 'ひろげる', 'Mở rộng', NULL, NULL, NULL),
 (262, '拡大', NULL, NULL, 'かくだい', 'Sự bành trướng, lan rộng', NULL, NULL, NULL),
 (263, '逆アセンブル', NULL, NULL, 'ぎゃくアセンブル', 'Phương pháp dịch ngược hợp ngữ', NULL, NULL, NULL),
 (264, '解明する', NULL, NULL, 'かいめいする', 'Làm rõ ràng', NULL, NULL, NULL),
 (265, '変換する', NULL, NULL, 'へんかんする', 'Chuyển đổi', NULL, NULL, NULL),
 (266, '新種', NULL, NULL, 'しんしゅ', 'Loại mới', NULL, NULL, NULL),
 (267, '手動検査', NULL, NULL, 'しゅどうけんさ', 'Kiểm tra thủ công', NULL, NULL, NULL),
 (268, '最新化', NULL, NULL, 'さいしんか', 'Cập nhật', NULL, NULL, NULL),
 (269, '以降', NULL, NULL, 'いこう', 'Sau, kể từ', NULL, NULL, NULL),
 (270, 'Port宛', NULL, NULL, 'ポートあて', 'Cổng đến', NULL, NULL, NULL),
 (271, '付与する', NULL, NULL, 'ふよする', 'Cấp phát', NULL, NULL, NULL),
 (272, '防止', NULL, NULL, 'ぼうし', 'Phòng ngừa', NULL, NULL, NULL),
 (273, 'DoS攻撃', NULL, NULL, 'ドスこうげき', 'Tấn công từ chối dịch vụ', NULL, NULL, NULL),
 (274, '辞書攻撃', NULL, NULL, 'じしょこうげき', 'Tấn công từ điển', NULL, NULL, NULL),
 (275, '加わる', NULL, NULL, 'くわわる', 'Tham gia', NULL, NULL, NULL),
 (276, '起因する', NULL, NULL, 'きいんする', 'Gây ra', NULL, NULL, NULL),
 (277, '異常現象', NULL, NULL, 'いじょうげんしょう', 'Hiện tượng bất thường', NULL, NULL, NULL),
 (278, '監視', NULL, NULL, 'かんし', 'Giám sát', NULL, NULL, NULL),
 (279, '照合', NULL, NULL, 'しょうごう', 'Đối chiếu', NULL, NULL, NULL),
 (280, '暗号化', NULL, NULL, 'あんごうか', 'Mã hoá', NULL, NULL, NULL),
 (281, '認証', NULL, NULL, 'にんしょう', 'Xác thực', NULL, NULL, NULL),
 (282, '解読', NULL, NULL, 'かいどく', 'Giải mã', NULL, NULL, NULL),
 (283, '暗号文', NULL, NULL, 'あんごうぶん', 'Dữ liệu được mã hóa (ciphertext)', NULL, NULL, NULL),
 (284, '変換する', NULL, NULL, 'へんかんする', 'Chuyển đổi, biến đổi', NULL, NULL, NULL),
 (285, '元に戻す', NULL, NULL, 'もとにもどす', 'Hoàn tác, quay về ban đầu (Undo)', NULL, NULL, NULL),
 (286, '復号', NULL, NULL, 'ふくごう', 'Giải mã', NULL, NULL, NULL),
 (287, '暗号方式', NULL, NULL, 'あんごうほうしき', 'Phương thức mã hoá', NULL, NULL, NULL),
 (288, '共通鍵', NULL, NULL, 'きょうつうかぎ', 'Khoá chung', NULL, NULL, NULL),
 (289, '公開鍵', NULL, NULL, 'こうかいかぎ', 'Khoá công khai', NULL, NULL, NULL),
 (290, '秘密鍵', NULL, NULL, 'ひみつかぎ', 'Khoá bí mật', NULL, NULL, NULL),
 (291, '暗号化鍵', NULL, NULL, 'あんごうかかぎ', 'Khoá mã hoá', NULL, NULL, NULL),
 (292, '復号鍵', NULL, NULL, 'ふくごうかぎ', 'Khoá giải mã', NULL, NULL, NULL),
 (293, '共通鍵暗号方式', NULL, NULL, 'きょうつうかぎあんごうほうしき', 'Mật mã khoá chung (Common key cryptography)', NULL, NULL, NULL),
 (294, '公開鍵暗号方式', NULL, NULL, 'こうかいかぎあんごうほうしき', 'Mật mã khoá công khai (Public key cryptography)', NULL, NULL, NULL),
 (295, '送信者', NULL, NULL, 'そうしんしゃ', 'Người gửi', NULL, NULL, NULL),
 (296, '受信者', NULL, NULL, 'じゅしんしゃ', 'Người nhận', NULL, NULL, NULL),
 (297, '配布', NULL, NULL, 'はいふ', 'Phân phối', NULL, NULL, NULL),
 (298, '受け渡す', NULL, NULL, 'うけわたす', 'Bàn giao', NULL, NULL, NULL),
 (299, '特徴', NULL, NULL, 'とくちょう', 'Đặc trưng', NULL, NULL, NULL),
 (300, '不特定', NULL, NULL, 'ふとくてい', 'Không xác định', NULL, NULL, NULL),
 (301, '多数', NULL, NULL, 'たすう', 'Số đông, phần lớn', NULL, NULL, NULL),
 (302, '不向き', NULL, NULL, 'ふむき', 'Không phù hợp', NULL, NULL, NULL),
 (303, '向く', NULL, NULL, 'むく', 'Phù hợp', NULL, NULL, NULL),
 (304, '代表的（な）', NULL, NULL, 'だいひょうてき（な）', 'Đại diện, tiêu biểu', NULL, NULL, NULL),
 (305, NULL, NULL, NULL, 'かまわない', 'Không quan trọng, không vấn đề gì', NULL, NULL, NULL),
 (306, '受け取る', NULL, NULL, 'うけとる', 'Nhận được', NULL, NULL, NULL),
 (307, '短所', NULL, NULL, 'たんしょ', 'Nhược điểm', NULL, NULL, NULL),
 (308, '巨大（な）', NULL, NULL, 'きょだい（な）', 'Rất lớn, khổng lồ', NULL, NULL, NULL),
 (309, '素因数分解', NULL, NULL, 'そいんすうぶんかい', 'Phân tích thừa số nguyên tố', NULL, NULL, NULL),
 (310, '困難', NULL, NULL, 'こんなん', 'Khó khăn', NULL, NULL, NULL),
 (311, '楕円曲線暗号', NULL, NULL, 'だえんきょくせんあんごう', 'Mật mã đường cong Elliptic (Elliptic curve cryptography)\nViết tắt: ECC', NULL, NULL, NULL),
 (312, 'ディジタル署名', NULL, NULL, 'ディジタルしょめい', 'Chữ ký số', NULL, NULL, NULL),
 (313, '応用する', NULL, NULL, 'おうようする', 'Ứng dụng, áp dụng', NULL, NULL, NULL),
 (314, '用いる', NULL, NULL, 'もちいる', 'Sử dụng', NULL, NULL, NULL),
 (315, '証明する', NULL, NULL, 'しょうめいする', 'Chứng minh', NULL, NULL, NULL),
 (316, 'ハッシュ関数', NULL, NULL, 'ハッシュかんすう', 'Hàm băm', NULL, NULL, NULL),
 (317, '探索', NULL, NULL, 'たんさく', 'Tìm kiếm', NULL, NULL, NULL),
 (318, '参照', NULL, NULL, 'さんしょう', 'Tham khảo, tham chiếu', NULL, NULL, NULL),
 (319, '要約', NULL, NULL, 'ようやく', 'Tóm lược, khái quát', NULL, NULL, NULL),
 (320, '作成', NULL, NULL, 'さくせい', 'Tạo ra', NULL, NULL, NULL),
 (321, '比較', NULL, NULL, 'ひかく', 'So sánh', NULL, NULL, NULL),
 (322, '一致', NULL, NULL, 'いっち', 'Giống, phù hợp', NULL, NULL, NULL),
 (323, '本人', NULL, NULL, 'ほんにん', 'Chính chủ', NULL, NULL, NULL),
 (324, 'ディジタル証明書', NULL, NULL, 'ディジタルしょうめいしょ', 'Giấy chứng nhận điện tử/Chứng chỉ số', NULL, NULL, NULL),
 (325, '導入', NULL, NULL, 'どうにゅう', 'Cài đặt, giới thiệu, đưa vào', NULL, NULL, NULL),
 (326, '許可', NULL, NULL, 'きょか', 'Giấy phép/cho phép', NULL, NULL, NULL),
 (327, '認証局', NULL, NULL, 'にんしょうきょく', 'Cơ quan cấp chứng chỉ', NULL, NULL, NULL),
 (328, '真正性', NULL, NULL, 'しんせいせい', 'Tính xác thực, chính chủ (本物であることを確実にしたり証明できる)', NULL, NULL, NULL),
 (329, '正当性', NULL, NULL, 'せいとうせい', 'Tính hợp pháp', NULL, NULL, NULL),
 (330, '第三者機関', NULL, NULL, 'だいさんしゃきかん', 'Tổ chức bên thứ ba', NULL, NULL, NULL),
 (331, '申請', NULL, NULL, 'しんせい', 'Yêu cầu, đăng ký, xin cấp', NULL, NULL, NULL),
 (332, '基づく', NULL, NULL, 'もとづく', 'Dựa trên', NULL, NULL, NULL),
 (333, '発行する', NULL, NULL, 'はっこうする', 'Phát hành', NULL, NULL, NULL),
 (334, '確保する', NULL, NULL, 'かくほする', 'Đảm bảo', NULL, NULL, NULL),
 (335, '盗聴', NULL, NULL, 'とうちょう', 'Nghe trộm', NULL, NULL, NULL),
 (336, '標準搭載', NULL, NULL, 'ひょうじゅんとうさい', 'Trang bị, lắp đặt, tích hợp (build-in)', NULL, NULL, NULL),
 (337, '業界標準', NULL, NULL, 'ぎょうかいひょうじゅん', 'Tiêu chuẩn phổ biến trong ngành', NULL, NULL, NULL),
 (338, '規格', NULL, NULL, 'きかく', 'Tiêu chuẩn', NULL, NULL, NULL),
 (339, '標準規格', NULL, NULL, 'ひょうじゅんきかく', 'Tiêu chuẩn mặc định (default)', NULL, NULL, NULL),
 (340, '非常', NULL, NULL, 'ひじょう', 'Bất thường', NULL, NULL, NULL),
 (341, '文書', NULL, NULL, 'ぶんしょ', 'Tài liệu', NULL, NULL, NULL),
 (342, '秘匿', NULL, NULL, 'ひとく', 'Bí mật', NULL, NULL, NULL),
 (343, '取扱い', NULL, NULL, 'とりあつかい', 'Xử lý, sử dụng', NULL, NULL, NULL),
 (344, '商店', NULL, NULL, 'しょうてん', 'Cửa hàng', NULL, NULL, NULL),
 (345, '商品', NULL, NULL, 'しょうひん', 'Sản phẩm', NULL, NULL, NULL),
 (346, '注文', NULL, NULL, 'ちゅうもん', 'Đặt hàng', NULL, NULL, NULL),
 (347, '手法', NULL, NULL, 'しゅほう', 'Phương pháp', NULL, NULL, NULL),
 (348, '漏れる', NULL, NULL, 'もれる', 'Bị rò rỉ', NULL, NULL, NULL),
 (349, '届く', NULL, NULL, 'とどく', 'Được chuyển đến nơi', NULL, NULL, NULL),
 (350, '介する', NULL, NULL, 'かいする', 'Thông qua', NULL, NULL, NULL),
 (351, '危険性', NULL, NULL, 'きけんせい', 'Tính nguy hiểm', NULL, NULL, NULL),
 (352, '防止する', NULL, NULL, 'ぼうしする', 'Ngăn chặn', NULL, NULL, NULL),
 (353, 'ユーザ認証', NULL, NULL, 'ユーザにんしょう', 'Xác thực người dùng', NULL, NULL, NULL),
 (354, '求める', NULL, NULL, 'もとめる', 'Yêu cầu', NULL, NULL, NULL),
 (355, '確かめる', NULL, NULL, 'たしかめる', 'Bảo đảm, xác nhận', NULL, NULL, NULL),
 (356, '変更する', NULL, NULL, 'へんこうする', 'Thay đổi', NULL, NULL, NULL),
 (357, '配慮', NULL, NULL, 'はいりょ', 'Xem xét', NULL, NULL, NULL),
 (358, 'ハッシュ化', NULL, NULL, 'はっしゅか', 'Băm', NULL, NULL, NULL),
 (359, '保管', NULL, NULL, 'ほかん', 'Lưu trữ', NULL, NULL, NULL),
 (360, 'ハッシュ値', NULL, NULL, 'ハッシュち', 'Giá trị băm', NULL, NULL, NULL),
 (361, '認証時', NULL, NULL, 'にんしょうじ', 'Thời điểm xác thực', NULL, NULL, NULL),
 (362, '同様', NULL, NULL, 'どうよう', 'Tương tự', NULL, NULL, NULL),
 (363, '万が一', NULL, NULL, 'まんがいち', 'Vạn nhất bất đắc dĩ, nếu lỡ', NULL, NULL, NULL),
 (364, '流出', NULL, NULL, 'りゅうしゅつ', 'Rò rỉ, lộ', NULL, NULL, NULL),
 (365, '生成', NULL, NULL, 'せいせい', 'Tạo ra', NULL, NULL, NULL),
 (366, '無線', NULL, NULL, 'むせん', 'Không dây', NULL, NULL, NULL),
 (367, 'バイオメトリクス認証', NULL, NULL, 'バイオメトリクスにんしょう', 'Xác thực sinh học', NULL, NULL, NULL),
 (368, '指紋', NULL, NULL, 'しもん', 'Vân tay', NULL, NULL, NULL),
 (369, '目の虹彩', NULL, NULL, 'めのこうさい', 'Mống mắt', NULL, NULL, NULL),
 (370, '身体的特徴', NULL, NULL, 'しんたいてきとくちょう', 'Đặc điểm sinh học', NULL, NULL, NULL),
 (371, '生体認証', NULL, NULL, 'せいたいにんしょう', 'Xác thực sinh học', NULL, NULL, NULL),
 (372, '抽出する', NULL, NULL, 'ちゅうしゅつする', 'Khai thác, trích xuất', NULL, NULL, NULL),
 (373, '筆圧', NULL, NULL, 'ひつあつ', 'Lực ấn bút khi viết', NULL, NULL, NULL),
 (374, '行動的特徴', NULL, NULL, 'こうどうてきとくちょう', 'Đặc điểm hành vi', NULL, NULL, NULL),
 (375, '信頼性', NULL, NULL, 'しんらいせい', 'Độ tin cậy', NULL, NULL, NULL),
 (376, '利便性', NULL, NULL, 'りべんせい', 'Tính thuận tiện', NULL, NULL, NULL),
 (377, '備える', NULL, NULL, 'そなえる', 'Chuẩn bị, có đầy đủ', NULL, NULL, NULL),
 (378, '一方で', NULL, NULL, 'いっぽうで', 'Mặt khác, ngược lại', NULL, NULL, NULL),
 (379, '装置', NULL, NULL, 'そうち', 'Thiết bị', NULL, NULL, NULL),
 (380, '調整', NULL, NULL, 'ちょうせい', 'Điều chỉnh', NULL, NULL, NULL),
 (381, '拒否する確率', NULL, NULL, 'きょひするかくりつ', 'Xác suất từ chối', NULL, NULL, NULL),
 (382, '許可する確率', NULL, NULL, 'きょかするかくりつ', 'Xác suất chấp nhận', NULL, NULL, NULL),
 (383, '双方', NULL, NULL, 'そうほう', 'Cả hai, song phương', NULL, NULL, NULL),
 (384, '考慮', NULL, NULL, 'こうりょ', 'Xem xét, suy tính', NULL, NULL, NULL),
 (385, '虹彩認証', NULL, NULL, 'こうさいにんしょう', 'Xác thực mống mắt', NULL, NULL, NULL),
 (386, '一種', NULL, NULL, 'いっしゅ', 'Một loại', NULL, NULL, NULL),
 (387, '瞳孔', NULL, NULL, 'どうこう', 'Đồng tử', NULL, NULL, NULL),
 (388, '外側', NULL, NULL, 'そとがわ', 'Phía bên ngoài', NULL, NULL, NULL),
 (389, '環状部分', NULL, NULL, 'かんじょうぶぶん', 'Vùng hình tròn', NULL, NULL, NULL),
 (390, 'パターン更新', NULL, NULL, 'パターンこうしん', 'Cập nhật mẫu', NULL, NULL, NULL),
 (391, '不要', NULL, NULL, 'ふよう', 'Không cần thiết', NULL, NULL, NULL),
 (392, '配置する', NULL, NULL, 'はいちする', 'Sắp đặt, bố trí', NULL, NULL, NULL),
 (393, '設置する', NULL, NULL, 'せっちする', 'Lắp đặt', NULL, NULL, NULL),
 (394, '隔離', NULL, NULL, 'かくり', 'Cô lập, cách ly', NULL, NULL, NULL),
 (395, '区域', NULL, NULL, 'くいき', 'Khu vực', NULL, NULL, NULL),
 (396, '非武装地帯', NULL, NULL, 'ひぶそうちたい', 'Vùng mạng trung lập', NULL, NULL, NULL),
 (397, '侵入', NULL, NULL, 'しんにゅう', 'Xâm nhập', NULL, NULL, NULL),
 (398, '防御する', NULL, NULL, 'ぼうぎょする', 'Phòng thủ', NULL, NULL, NULL),
 (399, '渡す', NULL, NULL, 'わたす', 'Đưa, giao', NULL, NULL, NULL),
 (400, '要求', NULL, NULL, 'ようきゅう', 'Yêu cầu', NULL, NULL, NULL),
 (401, '見なす', NULL, NULL, 'みなす', 'Được coi là', NULL, NULL, NULL),
 (402, '遮断する', NULL, NULL, 'しゃだんする', 'Cắt (cắt điện; cắt đứt, gián đoạn đường xá)', NULL, NULL, NULL),
 (403, '判別', NULL, NULL, 'はんべつ', 'Phân biệt, xác định', NULL, NULL, NULL),
 (404, '通過', NULL, NULL, 'つうか', 'Cho qua', NULL, NULL, NULL),
 (405, '許可する', NULL, NULL, 'きょかする', 'Cho phép', NULL, NULL, NULL),
 (406, '試みる', NULL, NULL, 'こころみる', 'Thử', NULL, NULL, NULL),
 (407, '排除', NULL, NULL, 'はいじょ', 'Loại trừ', NULL, NULL, NULL),
 (408, '実装', NULL, NULL, 'じっそう', 'Thực hiện', NULL, NULL, NULL),
 (409, '通信可否判定', NULL, NULL, 'つうしんかひはんてい', 'Đánh giá khả năng truyền tin', NULL, NULL, NULL),
 (410, '動的に', NULL, NULL, 'どうてきに', 'Mang tính động', NULL, NULL, NULL),
 (411, '取得する', NULL, NULL, 'しゅとくする', 'Thu được', NULL, NULL, NULL),
 (412, '中継する', NULL, NULL, 'ちゅうけいする', 'Chuyển tiếp', NULL, NULL, NULL),
 (413, '代理', NULL, NULL, 'だいり', 'Đại lý, đại diện', NULL, NULL, NULL),
 (414, '履歴', NULL, NULL, 'りれき', 'Lịch sử', NULL, NULL, NULL),
 (415, '残る', NULL, NULL, 'のこる', 'Còn lại', NULL, NULL, NULL),
 (416, '隠す', NULL, NULL, 'かくす', 'Ẩn giấu', NULL, NULL, NULL),
 (417, '弱点', NULL, NULL, 'じゃくてん', 'Điểm yếu', NULL, NULL, NULL),
 (418, '設定ミス', NULL, NULL, 'せっていミス', 'Lỗi thiết lập', NULL, NULL, NULL),
 (419, '安全性', NULL, NULL, 'あんぜんせい', 'Tính an toàn', NULL, NULL, NULL),
 (420, '確保', NULL, NULL, 'かくほ', 'Đảm bảo', NULL, NULL, NULL),
 (421, '侵入検知システム', NULL, NULL, 'しんにゅうけんちシステム', 'Hệ thống phát hiện xâm nhập', NULL, NULL, NULL),
 (422, '通知する', NULL, NULL, 'つうちする', 'Thông báo', NULL, NULL, NULL),
 (423, '解析', NULL, NULL, 'かいせき', 'Phân tích', NULL, NULL, NULL),
 (424, '侵入手口', NULL, NULL, 'しんにゅうてぐち', 'Thủ thuật xâm nhập', NULL, NULL, NULL),
 (425, '一致', NULL, NULL, 'いっち', 'Sự thống nhất, giống nhau', NULL, NULL, NULL),
 (426, '異常', NULL, NULL, 'いじょう', 'Dị thường, bất thường', NULL, NULL, NULL),
 (427, '通常', NULL, NULL, 'つうじょう', 'Thông thường', NULL, NULL, NULL),
 (428, '経路', NULL, NULL, 'けいろ', 'Lộ trình', NULL, NULL, NULL),
 (429, '仕掛けられる', NULL, NULL, 'しかけられる', 'Bị thao túng', NULL, NULL, NULL),
 (430, '再インストール', NULL, NULL, 'さいインストール', 'Cài đặt lại', NULL, NULL, NULL),
 (431, '地帯', NULL, NULL, 'ちたい', 'Khu vực', NULL, NULL, NULL),
 (432, '制限', NULL, NULL, 'せいげん', 'Hạn chế', NULL, NULL, NULL),
 (433, '裏経路', NULL, NULL, 'うらけいろ', 'Lối vào từ đằng sau', NULL, NULL, NULL),
 (434, '人工知能', NULL, NULL, 'じんこうちのう', 'Trí tuệ nhân tạo', NULL, NULL, NULL),
 (435, '登場', NULL, NULL, 'とうじょう', 'Xuất hiện', NULL, NULL, NULL),
 (436, '知的な情報', NULL, NULL, 'ちてきなじょうほう', 'Thông tin mang tính trí tuệ', NULL, NULL, NULL),
 (437, '処理', NULL, NULL, 'しょり', 'Xử lý', NULL, NULL, NULL),
 (438, '議論', NULL, NULL, 'ぎろん', 'Thảo luận', NULL, NULL, NULL),
 (439, '交わす', NULL, NULL, 'かわす', 'Trao đổi', NULL, NULL, NULL),
 (440, '半世紀', NULL, NULL, 'はんせいき', 'Nửa thế kỷ', NULL, NULL, NULL),
 (441, '経過', NULL, NULL, 'けいか', 'Đã qua', NULL, NULL, NULL),
 (442, '投げかける', NULL, NULL, 'なげかける', 'Đưa ra', NULL, NULL, NULL),
 (443, '事実', NULL, NULL, 'じじつ', 'Thực tế', NULL, NULL, NULL),
 (444, '第一線', NULL, NULL, 'だいいっせん', 'Tuyến đầu', NULL, NULL, NULL),
 (445, '活躍', NULL, NULL, 'かつやく', 'Gặt hái thành công/Hoạt động sôi nổi', NULL, NULL, NULL),
 (446, '現状', NULL, NULL, 'げんじょう', 'Tình trạng hiện tại', NULL, NULL, NULL),
 (447, '大まかに', NULL, NULL, 'おおまかに', 'Đại khái', NULL, NULL, NULL),
 (448, '用途', NULL, NULL, 'ようと', 'Công dụng, ý đồ', NULL, NULL, NULL),
 (449, '都度', NULL, NULL, 'つど', 'Mỗi lần', NULL, NULL, NULL),
 (450, '分類方法', NULL, NULL, 'ぶんるいほうほう', 'Phương pháp phân loại', NULL, NULL, NULL),
 (451, '困難', NULL, NULL, 'こんなん', 'Khó khăn', NULL, NULL, NULL),
 (452, '哲学者', NULL, NULL, 'てつがくしゃ', 'Triết gia', NULL, NULL, NULL),
 (453, '認知的状態', NULL, NULL, 'にんちてきじょうたい', 'Trạng thái nhận thức', NULL, NULL, NULL),
 (454, '着目', NULL, NULL, 'ちゃくもく', 'Chú ý đến, đặc biệt quan tâm đến...', NULL, NULL, NULL),
 (455, '模倣', NULL, NULL, 'もほう', 'Bắt chước', NULL, NULL, NULL),
 (456, '鉄腕アトム', NULL, NULL, 'てつわんアトム', '(Tên một phim hoạt hình siêu nhân)', NULL, NULL, NULL),
 (457, '思い浮かべる', NULL, NULL, 'おもいうかべる', 'Hình dung, liên tưởng', NULL, NULL, NULL),
 (458, '圧倒的な', NULL, NULL, 'あっとうてきな', 'Mang tính choáng ngợp, áp đảo', NULL, NULL, NULL),
 (459, NULL, NULL, NULL, 'いわゆる', 'Cái gọi là, nói cách khác', NULL, NULL, NULL),
 (460, NULL, NULL, NULL, 'もたらす', 'Mang đến', NULL, NULL, NULL),
 (461, '代替', NULL, NULL, 'だいたい', 'Thay thế', NULL, NULL, NULL),
 (462, '将棋', NULL, NULL, 'しょうぎ', 'Cờ tướng nhật bản', NULL, NULL, NULL),
 (463, '指す', NULL, NULL, 'さす', 'Chơi (cờ...)', NULL, NULL, NULL),
 (464, NULL, NULL, NULL, 'のちに', 'Sau', NULL, NULL, NULL),
 (465, '詳しい', NULL, NULL, 'くわしい', 'Chi tiết', NULL, NULL, NULL),
 (466, '画像認識', NULL, NULL, 'がぞうにんしき', 'Nhận dạng hình ảnh', NULL, NULL, NULL),
 (467, '振る舞い', NULL, NULL, 'ふるまい', 'Hành vi, cư xử', NULL, NULL, NULL),
 (468, '自体', NULL, NULL, 'じたい', 'Chính bản thân', NULL, NULL, NULL),
 (469, '置き換える', NULL, NULL, 'おきかえる', 'Thay thế', NULL, NULL, NULL),
 (470, '自我', NULL, NULL, 'じが', 'Cái tôi', NULL, NULL, NULL),
 (471, '汎用人工知能', NULL, NULL, 'はんようじんこうちのう', 'Trí tuệ nhân tạo chung', NULL, NULL, NULL),
 (472, '特化型人工知能', NULL, NULL, 'とっかがたじんこうちのう', 'Trí tuệ nhân tạo chuyên biệt', NULL, NULL, NULL),
 (473, '対象', NULL, NULL, 'たいしょう', 'Mục tiêu', NULL, NULL, NULL),
 (474, '想定する', NULL, NULL, 'そうていする', 'Giả định, dự tính', NULL, NULL, NULL),
 (475, '状況', NULL, NULL, 'じょうきょう', 'Tình hình', NULL, NULL, NULL),
 (476, '対処', NULL, NULL, 'たいしょ', 'Giải quyết, đối phó', NULL, NULL, NULL),
 (477, '限定的な', NULL, NULL, 'げんていてきな', 'Mang tính hạn chế', NULL, NULL, NULL),
 (478, '代表例', NULL, NULL, 'だいひょうれい', 'Ví dụ điển hình', NULL, NULL, NULL),
 (479, '反に', NULL, NULL, 'はんに', 'Ngược lại', NULL, NULL, NULL),
 (480, '仮に', NULL, NULL, 'かりに', 'Giả định, tạm thời', NULL, NULL, NULL),
 (481, '子育てる', NULL, NULL, 'こそだてる', 'Nuôi dạy con cái', NULL, NULL, NULL),
 (482, '家事', NULL, NULL, 'かじ', 'Việc nhà', NULL, NULL, NULL),
 (483, '吸い込む', NULL, NULL, 'すいこむ', 'Hít vào, hút vào', NULL, NULL, NULL),
 (484, '避ける', NULL, NULL, 'さける・よける', 'Tránh', NULL, NULL, NULL),
 (485, '想定外', NULL, NULL, 'そうていがい', 'Bất ngờ', NULL, NULL, NULL),
 (486, '自能', NULL, NULL, 'じのう', 'Tự lực', NULL, NULL, NULL),
 (487, '引っかかる', NULL, NULL, 'ひっかかる', 'Bị mắc', NULL, NULL, NULL),
 (488, '発展段階', NULL, NULL, 'はってんだんかい', 'Giai đoạn phát triển', NULL, NULL, NULL),
 (489, '制御工学', NULL, NULL, 'せいぎょこうがく', 'Kỹ thuật điều khiển', NULL, NULL, NULL),
 (490, 'システム工学', NULL, NULL, 'システムこうがく', 'Kỹ thuật hệ thống', NULL, NULL, NULL),
 (491, '～に過ぎない', NULL, NULL, '～にすぎない', 'Chỉ là...', NULL, NULL, NULL),
 (492, '古典的な', NULL, NULL, 'こてんてきな', 'Mang tính cổ điển', NULL, NULL, NULL),
 (493, '枠組み', NULL, NULL, 'わくぐみ', 'Khuôn khổ', NULL, NULL, NULL),
 (494, '扱う', NULL, NULL, 'あつかう', 'Đề cập đến, sử dụng', NULL, NULL, NULL),
 (495, '機械学習', NULL, NULL, 'きかいがくしゅう', 'Học máy', NULL, NULL, NULL),
 (496, '検索', NULL, NULL, 'けんさく', 'Tìm kiếm', NULL, NULL, NULL),
 (497, '知識', NULL, NULL, 'ちしき', 'Hiểu biết', NULL, NULL, NULL),
 (498, '自ら', NULL, NULL, 'みずから', 'Bản thân', NULL, NULL, NULL),
 (499, '特徴量', NULL, NULL, 'とくちょうりょう', 'Lượng đặc trưng, giá trị đặc trưng', NULL, NULL, NULL),
 (500, '導出方法', NULL, NULL, 'どうしゅつほうほう', 'Phương pháp dẫn xuất, đưa ra', NULL, NULL, NULL),
 (501, '前もって', NULL, NULL, 'まえもって', 'Trước (làm gì đó trước..)', NULL, NULL, NULL),
 (502, '組み込む', NULL, NULL, 'くみこむ', 'Kết hợp, nhúng', NULL, NULL, NULL),
 (503, '抽出', NULL, NULL, 'ちゅうしゅつ', 'Trích xuất', NULL, NULL, NULL),
 (504, '解説する', NULL, NULL, 'かいせつする', 'Giải thích', NULL, NULL, NULL),
 (505, '流行する', NULL, NULL, 'りゅうこうする', 'Lưu hành, phổ biến', NULL, NULL, NULL),
 (506, '古典的AI', NULL, NULL, 'こてんてきエーアイ', 'AI cổ điển', NULL, NULL, NULL),
 (507, '迷路', NULL, NULL, 'めいろ', 'Mê cung', NULL, NULL, NULL),
 (508, '解く', NULL, NULL, 'とく', 'Giải', NULL, NULL, NULL),
 (509, '診断', NULL, NULL, 'しんだん', 'Chẩn đoán', NULL, NULL, NULL),
 (510, '洗練する', NULL, NULL, 'せんれんする', 'Tinh vi, trau chuốt', NULL, NULL, NULL),
 (511, '結び付ける', NULL, NULL, 'むすびつける', 'Kết nối', NULL, NULL, NULL),
 (512, '深層学習', NULL, NULL, 'しんそうがくしゅう', 'Học sâu', NULL, NULL, NULL),
 (513, '機械学習', NULL, NULL, 'きかいがくしゅう', 'Học máy (Machine learning)', NULL, NULL, NULL),
 (514, '効果的', NULL, NULL, 'こうかてき', 'Hiệu quả', NULL, NULL, NULL),
 (515, '効率的', NULL, NULL, 'こうりつてき', 'Hiệu suất', NULL, NULL, NULL),
 (516, '理論体系', NULL, NULL, 'りろんたいけい', 'Hệ thống lý thuyết', NULL, NULL, NULL),
 (517, '適切', NULL, NULL, 'てきせつ', 'Thích hợp', NULL, NULL, NULL),
 (518, '数値', NULL, NULL, 'すうち', 'Giá trị số', NULL, NULL, NULL),
 (519, '予測する', NULL, NULL, 'よそくする', 'Dự đoán', NULL, NULL, NULL),
 (520, '最適化する', NULL, NULL, 'さいてきか', 'Tối ưu hoá', NULL, NULL, NULL),
 (521, '分野', NULL, NULL, 'ぶんや', 'Lĩnh vực', NULL, NULL, NULL),
 (522, '活用する', NULL, NULL, 'かつようする', 'Sử dụng, tận dụng', NULL, NULL, NULL),
 (523, '高度', NULL, NULL, 'こうど', 'Cao độ, trình độ cao', NULL, NULL, NULL),
 (524, '認識能力', NULL, NULL, 'にんしきのうりょく', 'Khả năng nhận thức', NULL, NULL, NULL),
 (525, '振る舞う', NULL, NULL, 'ふるまう', 'Hành xử', NULL, NULL, NULL),
 (526, '判断する', NULL, NULL, 'はんだんする', 'Phán đoán', NULL, NULL, NULL),
 (527, '身長', NULL, NULL, 'しんちょう', 'Chiều cao', NULL, NULL, NULL),
 (528, '当たる', NULL, NULL, 'あたる', 'Tương đương, tương ứng với', NULL, NULL, NULL),
 (529, '決定する', NULL, NULL, 'けっていする', 'Quyết định', NULL, NULL, NULL),
 (530, '発展', NULL, NULL, 'はってん', 'Phát triển', NULL, NULL, NULL),
 (531, '丸暗記する', NULL, NULL, 'まるあんきする', 'Học thuộc nguyên xi, học vẹt', NULL, NULL, NULL),
 (532, '暗記学習', NULL, NULL, 'あんきがくしゅう', 'Việc học thuộc', NULL, NULL, NULL),
 (533, '主流', NULL, NULL, 'しゅりゅう', 'Xu hướng chủ đạo, trào lưu chính', NULL, NULL, NULL),
 (534, '未知', NULL, NULL, 'みち', 'Không biết, ko xác định', NULL, NULL, NULL),
 (535, '入手', NULL, NULL, 'にゅうしゅ', 'Đạt được', NULL, NULL, NULL),
 (536, '蓄積', NULL, NULL, 'ちくせき', 'Tích lũy', NULL, NULL, NULL),
 (537, '試行錯誤', NULL, NULL, 'しこうさくご', 'Phép thử và lỗi sai (Việc thử nghiệm để phát hiện ra cái sai nhằm mục đích hoàn thiện sản phẩm)', NULL, NULL, NULL),
 (538, '繰り返す', NULL, NULL, 'くりかえす', 'Lặp đi lặp lại', NULL, NULL, NULL),
 (539, '用いる', NULL, NULL, 'もちいる', 'Sử dụng', NULL, NULL, NULL),
 (540, '一線を画す', NULL, NULL, 'いっせんをかくす', 'Vạch rõ ranh giới, phân biệt với...', NULL, NULL, NULL),
 (541, '合否', NULL, NULL, 'ごうひ', 'Việc đỗ trượt', NULL, NULL, NULL),
 (542, '不明', NULL, NULL, 'ふめい', 'Bất minh, không xác định', NULL, NULL, NULL),
 (543, '学習モデル', NULL, NULL, 'がくしゅうモデル', 'Mô hình học tập', NULL, NULL, NULL),
 (544, '計算結果', NULL, NULL, 'けいさんけっか', 'Kết quả tính toán', NULL, NULL, NULL),
 (545, '意思決定', NULL, NULL, 'いしけってい', 'Quyết định', NULL, NULL, NULL),
 (546, NULL, NULL, NULL, 'いわば', 'Có thể nói như là...(dùng khi ví von, so sánh)', NULL, NULL, NULL),
 (547, '期待', NULL, NULL, 'きたい', 'Kì vọng, mong đợi', NULL, NULL, NULL),
 (548, '教師信号', NULL, NULL, 'きょうししんごう', 'Tín hiệu của giáo viên', NULL, NULL, NULL),
 (549, '計算する', NULL, NULL, 'けいさんする', 'Tính toán', NULL, NULL, NULL),
 (550, '比較する', NULL, NULL, 'ひかくする', 'So sánh', NULL, NULL, NULL),
 (551, '修正する', NULL, NULL, 'しゅうせいする', 'Sửa chữa', NULL, NULL, NULL),
 (552, '作業', NULL, NULL, 'さぎょう', 'Công việc', NULL, NULL, NULL),
 (553, '最終的', NULL, NULL, 'さいしゅうてき', 'Cuối cùng', NULL, NULL, NULL),
 (554, '保存する', NULL, NULL, 'ほぞんする', 'Bảo lưu, giữ lại', NULL, NULL, NULL),
 (555, '単に', NULL, NULL, 'たんに', 'Đơn giản', NULL, NULL, NULL),
 (556, '以上を踏まえる', NULL, NULL, 'いじょうをふまえる', 'Dựa vào những điều trên', NULL, NULL, NULL),
 (557, '手書き数字', NULL, NULL, 'てがきすうじ', 'Chữ số viết tay', NULL, NULL, NULL),
 (558, '用意する', NULL, NULL, 'よういする', 'Chuẩn bị (≈準備）', NULL, NULL, NULL),
 (559, '大量', NULL, NULL, 'たいりょう', 'Lượng lớn, hàng loạt', NULL, NULL, NULL),
 (560, '正解', NULL, NULL, 'せいかい', 'Câu trả lời đúng', NULL, NULL, NULL),
 (561, 'でたらめ', NULL, NULL, 'でたらめ', 'Một cách ngẫu nhiên, bừa, đại...', NULL, NULL, NULL),
 (562, '出力値', NULL, NULL, 'しゅつりょくち', 'Giá trị đầu ra', NULL, NULL, NULL),
 (563, '次第に', NULL, NULL, 'しだいに', 'Dần dần (≈だんだん）', NULL, NULL, NULL),
 (564, '完成する', NULL, NULL, 'かんせいする', 'Hoàn thành', NULL, NULL, NULL),
 (565, '利用する', NULL, NULL, 'りようする', 'Sử dụng', NULL, NULL, NULL),
 (566, '画像認識', NULL, NULL, 'がぞうにんしき', 'Nhận dạng hình ảnh', NULL, NULL, NULL),
 (567, '調節する', NULL, NULL, 'ちょうせつする', 'Điều chỉnh', NULL, NULL, NULL),
 (568, '分類', NULL, NULL, 'ぶんるい', 'Phân loại', NULL, NULL, NULL),
 (569, '回帰', NULL, NULL, 'かいき', 'Hồi quy', NULL, NULL, NULL),
 (570, '属す', NULL, NULL, 'ぞくす', 'Thuộc về', NULL, NULL, NULL),
 (571, '前提', NULL, NULL, 'ぜんてい', 'Tiền đề', NULL, NULL, NULL),
 (572, '細かい', NULL, NULL, 'こまかい', 'Nhỏ, chi tiết', NULL, NULL, NULL),
 (573, '細か（な）', NULL, NULL, 'こまか（な）', 'Nhỏ, chi tiết', NULL, NULL, NULL),
 (574, '無視する', NULL, NULL, 'むしする', 'Bỏ qua, phớt lờ', NULL, NULL, NULL),
 (575, '傾向', NULL, NULL, 'けいこう', 'Khuynh hướng', NULL, NULL, NULL),
 (576, '分析する', NULL, NULL, 'ぶんせきする', 'Phân tích', NULL, NULL, NULL),
 (577, '全体', NULL, NULL, 'ぜんたい', 'Toàn bộ', NULL, NULL, NULL),
 (578, '重なる', NULL, NULL, 'かさなる', 'Chồng chất, xếp chồng lên, trùng', NULL, NULL, NULL),
 (579, '相当する', NULL, NULL, 'そうとうする', 'Tương đương, tương ứng với', NULL, NULL, NULL),
 (580, NULL, NULL, NULL, '（ごく）ざっくり', '(Rất) qua loa, đại khái', NULL, NULL, NULL),
 (581, '整理', NULL, NULL, 'せいり', 'Sắp xếp', NULL, NULL, NULL),
 (582, '捉える', NULL, NULL, 'とらえる', 'Nắm được, bắt được', NULL, NULL, NULL),
 (583, '具体例', NULL, NULL, 'ぐたいれい', 'Ví dụ cụ thể', NULL, NULL, NULL),
 (584, '地図上', NULL, NULL, 'ちずじょう', 'Trên bản đồ', NULL, NULL, NULL),
 (585, '小売店', NULL, NULL, 'しょうばいてん', 'Cửa hàng bán lẻ', NULL, NULL, NULL),
 (586, '店舗', NULL, NULL, 'てんぽ', 'Cửa hàng', NULL, NULL, NULL),
 (587, '地図内', NULL, NULL, 'ちずない', 'Trong bản đồ', NULL, NULL, NULL),
 (588, '抽出する', NULL, NULL, 'ちゅうしゅつする', 'Trích xuất', NULL, NULL, NULL),
 (589, '調査する', NULL, NULL, 'ちょうさする', 'Điều tra', NULL, NULL, NULL),
 (590, '～店派', NULL, NULL, '～みせは', 'Tuýp người thích cửa hàng...', NULL, NULL, NULL),
 (591, '下図左', NULL, NULL, 'したずひだり', 'Phía bên trái của sơ đồ dưới', NULL, NULL, NULL),
 (592, '下図右', NULL, NULL, 'したずみぎ', 'Phía bên phải của sơ đồ dưới', NULL, NULL, NULL),
 (593, '自宅', NULL, NULL, 'じたく', 'Nhà riêng', NULL, NULL, NULL),
 (594, '引き離す', NULL, NULL, 'ひきはなす', 'Tách rời, chia lìa', NULL, NULL, NULL),
 (595, '反映', NULL, NULL, 'はんえい', 'Phản chiếu, phản ánh', NULL, NULL, NULL),
 (596, '結ぶ線', NULL, NULL, 'むすぶせん', 'Đường nối', NULL, NULL, NULL),
 (597, '～店側', NULL, NULL, '～みせがわ', 'Phía cửa hàng ～', NULL, NULL, NULL);;

 INSERT INTO `jishotech`.`wordtopic` (`id_wordtopic`, `id_topic`, `id_word`) VALUES (1, 1, 1),
 (2, 1, 2),
 (3, 1, 3),
 (4, 1, 4),
 (5, 1, 5),
 (6, 1, 6),
 (7, 1, 7),
 (8, 1, 8),
 (9, 1, 9),
 (10, 1, 10),
 (11, 1, 11),
 (12, 1, 12),
 (13, 1, 13),
 (14, 1, 14),
 (15, 1, 15),
 (16, 1, 16),
 (17, 1, 17),
 (18, 1, 18),
 (19, 1, 19),
 (20, 1, 20),
 (21, 1, 21),
 (22, 1, 22),
 (23, 1, 23),
 (24, 1, 24),
 (25, 1, 25),
 (26, 1, 26),
 (27, 1, 27),
 (28, 1, 28),
 (29, 1, 29),
 (30, 1, 30),
 (31, 1, 31),
 (32, 1, 32),
 (33, 1, 33),
 (34, 1, 34),
 (35, 1, 35),
 (36, 1, 36),
 (37, 1, 37),
 (38, 1, 38),
 (39, 1, 39),
 (40, 1, 40),
 (41, 1, 41),
 (42, 1, 42),
 (43, 1, 43),
 (44, 1, 44),
 (45, 1, 45),
 (46, 1, 46),
 (47, 1, 47),
 (48, 1, 48),
 (49, 1, 49),
 (50, 1, 50),
 (51, 1, 51),
 (52, 1, 52),
 (53, 1, 53),
 (54, 1, 54),
 (55, 1, 55),
 (56, 1, 56),
 (57, 1, 57),
 (58, 1, 58),
 (59, 1, 59),
 (60, 1, 60),
 (61, 1, 61),
 (62, 1, 62),
 (63, 1, 63),
 (64, 1, 64),
 (65, 1, 65),
 (66, 1, 66),
 (67, 1, 67),
 (68, 1, 68),
 (69, 1, 69),
 (70, 1, 70),
 (71, 1, 71),
 (72, 1, 72),
 (73, 1, 73),
 (74, 1, 74),
 (75, 1, 75),
 (76, 1, 76),
 (77, 1, 77),
 (78, 1, 78),
 (79, 1, 79),
 (80, 1, 80),
 (81, 1, 81),
 (82, 1, 82),
 (83, 1, 83),
 (84, 1, 84),
 (85, 1, 85),
 (86, 1, 86),
 (87, 1, 87),
 (88, 1, 88),
 (89, 1, 89),
 (90, 1, 90),
 (91, 1, 91),
 (92, 1, 92),
 (93, 1, 93),
 (94, 1, 94),
 (95, 1, 95),
 (96, 1, 96),
 (97, 1, 97),
 (98, 1, 98),
 (99, 1, 99),
 (100, 1, 100),
 (101, 1, 101),
 (102, 1, 102),
 (103, 1, 103),
 (104, 1, 104),
 (105, 1, 105),
 (106, 1, 106),
 (107, 1, 107),
 (108, 1, 108),
 (109, 1, 109),
 (110, 1, 110),
 (111, 1, 111),
 (112, 1, 112),
 (113, 1, 113),
 (114, 1, 114),
 (115, 1, 115),
 (116, 1, 116),
 (117, 1, 117),
 (118, 1, 118),
 (119, 1, 119),
 (120, 1, 120),
 (121, 1, 121),
 (122, 1, 122),
 (123, 1, 123),
 (124, 1, 124),
 (125, 1, 125),
 (126, 1, 126),
 (127, 1, 127),
 (128, 1, 128),
 (129, 1, 129),
 (130, 1, 130),
 (131, 1, 131),
 (132, 1, 132),
 (133, 1, 133),
 (134, 1, 134),
 (135, 1, 135),
 (136, 1, 136),
 (137, 1, 137),
 (138, 1, 138),
 (139, 1, 139),
 (140, 1, 140),
 (141, 1, 141),
 (142, 1, 142),
 (143, 1, 143),
 (144, 1, 144),
 (145, 1, 145),
 (146, 1, 146),
 (147, 1, 147),
 (148, 1, 148),
 (149, 1, 149),
 (150, 1, 150),
 (151, 1, 151),
 (152, 1, 152),
 (153, 1, 153),
 (154, 1, 154),
 (155, 1, 155),
 (156, 1, 156),
 (157, 1, 157),
 (158, 1, 158),
 (159, 1, 159),
 (160, 1, 160),
 (161, 1, 161),
 (162, 1, 162),
 (163, 1, 163),
 (164, 1, 164),
 (165, 1, 165),
 (166, 1, 166),
 (167, 1, 167),
 (168, 1, 168),
 (169, 1, 169),
 (170, 1, 170),
 (171, 1, 171),
 (172, 1, 172),
 (173, 1, 173),
 (174, 1, 174),
 (175, 1, 175),
 (176, 1, 176),
 (177, 1, 177),
 (178, 1, 178),
 (179, 1, 179),
 (180, 1, 180),
 (181, 1, 181),
 (182, 1, 182),
 (183, 1, 183),
 (184, 1, 184),
 (185, 1, 185),
 (186, 1, 186),
 (187, 1, 187),
 (188, 1, 188),
 (189, 1, 189),
 (190, 1, 190),
 (191, 1, 191),
 (192, 1, 192),
 (193, 1, 193),
 (194, 1, 194),
 (195, 1, 195),
 (196, 1, 196),
 (197, 1, 197),
 (198, 1, 198),
 (199, 1, 199),
 (200, 1, 200),
 (201, 1, 201),
 (202, 1, 202),
 (203, 2, 203),
 (204, 2, 204),
 (205, 2, 205),
 (206, 2, 206),
 (207, 2, 207),
 (208, 2, 208),
 (209, 2, 209),
 (210, 2, 210),
 (211, 2, 211),
 (212, 2, 212),
 (213, 2, 213),
 (214, 2, 214),
 (215, 2, 215),
 (216, 2, 216),
 (217, 2, 217),
 (218, 2, 218),
 (219, 2, 219),
 (220, 2, 220),
 (221, 2, 221),
 (222, 2, 222),
 (223, 2, 223),
 (224, 2, 224),
 (225, 2, 225),
 (226, 2, 226),
 (227, 2, 227),
 (228, 2, 228),
 (229, 2, 229),
 (230, 2, 230),
 (231, 2, 231),
 (232, 2, 232),
 (233, 2, 233),
 (234, 2, 234),
 (235, 2, 235),
 (236, 2, 236),
 (237, 2, 237),
 (238, 2, 238),
 (239, 2, 239),
 (240, 2, 240),
 (241, 2, 241),
 (242, 2, 242),
 (243, 2, 243),
 (244, 2, 244),
 (245, 2, 245),
 (246, 2, 246),
 (247, 2, 247),
 (248, 2, 248),
 (249, 2, 249),
 (250, 2, 250),
 (251, 2, 251),
 (252, 2, 252),
 (253, 2, 253),
 (254, 2, 254),
 (255, 2, 255),
 (256, 2, 256),
 (257, 2, 257),
 (258, 2, 258),
 (259, 2, 259),
 (260, 2, 260),
 (261, 2, 261),
 (262, 2, 262),
 (263, 2, 263),
 (264, 2, 264),
 (265, 2, 265),
 (266, 2, 266),
 (267, 2, 267),
 (268, 2, 268),
 (269, 2, 269),
 (270, 2, 270),
 (271, 2, 271),
 (272, 2, 272),
 (273, 2, 273),
 (274, 2, 274),
 (275, 2, 275),
 (276, 2, 276),
 (277, 2, 277),
 (278, 2, 278),
 (279, 2, 279),
 (280, 3, 280),
 (281, 3, 281),
 (282, 3, 282),
 (283, 3, 283),
 (284, 3, 284),
 (285, 3, 285),
 (286, 3, 286),
 (287, 3, 287),
 (288, 3, 288),
 (289, 3, 289),
 (290, 3, 290),
 (291, 3, 291),
 (292, 3, 292),
 (293, 3, 293),
 (294, 3, 294),
 (295, 3, 295),
 (296, 3, 296),
 (297, 3, 297),
 (298, 3, 298),
 (299, 3, 299),
 (300, 3, 300),
 (301, 3, 301),
 (302, 3, 302),
 (303, 3, 303),
 (304, 3, 304),
 (305, 3, 305),
 (306, 3, 306),
 (307, 3, 307),
 (308, 3, 308),
 (309, 3, 309),
 (310, 3, 310),
 (311, 3, 311),
 (312, 3, 312),
 (313, 3, 313),
 (314, 3, 314),
 (315, 3, 315),
 (316, 3, 316),
 (317, 3, 317),
 (318, 3, 318),
 (319, 3, 319),
 (320, 3, 320),
 (321, 3, 321),
 (322, 3, 322),
 (323, 3, 323),
 (324, 3, 324),
 (325, 3, 325),
 (326, 3, 326),
 (327, 3, 327),
 (328, 3, 328),
 (329, 3, 329),
 (330, 3, 330),
 (331, 3, 331),
 (332, 3, 332),
 (333, 3, 333),
 (334, 3, 334),
 (335, 3, 335),
 (336, 3, 336),
 (337, 3, 337),
 (338, 3, 338),
 (339, 3, 339),
 (340, 3, 340),
 (341, 3, 341),
 (342, 3, 342),
 (343, 3, 343),
 (344, 3, 344),
 (345, 3, 345),
 (346, 3, 346),
 (347, 3, 347),
 (348, 3, 348),
 (349, 3, 349),
 (350, 4, 350),
 (351, 4, 351),
 (352, 4, 352),
 (353, 4, 353),
 (354, 4, 354),
 (355, 4, 355),
 (356, 4, 356),
 (357, 4, 357),
 (358, 4, 358),
 (359, 4, 359),
 (360, 4, 360),
 (361, 4, 361),
 (362, 4, 362),
 (363, 4, 363),
 (364, 4, 364),
 (365, 4, 365),
 (366, 4, 366),
 (367, 4, 367),
 (368, 4, 368),
 (369, 4, 369),
 (370, 4, 370),
 (371, 4, 371),
 (372, 4, 372),
 (373, 4, 373),
 (374, 4, 374),
 (375, 4, 375),
 (376, 4, 376),
 (377, 4, 377),
 (378, 4, 378),
 (379, 4, 379),
 (380, 4, 380),
 (381, 4, 381),
 (382, 4, 382),
 (383, 4, 383),
 (384, 4, 384),
 (385, 4, 385),
 (386, 4, 386),
 (387, 4, 387),
 (388, 4, 388),
 (389, 4, 389),
 (390, 4, 390),
 (391, 4, 391),
 (392, 4, 392),
 (393, 4, 393),
 (394, 4, 394),
 (395, 4, 395),
 (396, 4, 396),
 (397, 4, 397),
 (398, 4, 398),
 (399, 4, 399),
 (400, 4, 400),
 (401, 4, 401),
 (402, 4, 402),
 (403, 4, 403),
 (404, 4, 404),
 (405, 4, 405),
 (406, 4, 406),
 (407, 4, 407),
 (408, 4, 408),
 (409, 4, 409),
 (410, 4, 410),
 (411, 4, 411),
 (412, 4, 412),
 (413, 4, 413),
 (414, 4, 414),
 (415, 4, 415),
 (416, 4, 416),
 (417, 4, 417),
 (418, 4, 418),
 (419, 4, 419),
 (420, 4, 420),
 (421, 4, 421),
 (422, 4, 422),
 (423, 4, 423),
 (424, 4, 424),
 (425, 4, 425),
 (426, 4, 426),
 (427, 4, 427),
 (428, 4, 428),
 (429, 4, 429),
 (430, 4, 430),
 (431, 4, 431),
 (432, 4, 432),
 (433, 4, 433),
 (434, 5, 434),
 (435, 5, 435),
 (436, 5, 436),
 (437, 5, 437),
 (438, 5, 438),
 (439, 5, 439),
 (440, 5, 440),
 (441, 5, 441),
 (442, 5, 442),
 (443, 5, 443),
 (444, 5, 444),
 (445, 5, 445),
 (446, 5, 446),
 (447, 5, 447),
 (448, 5, 448),
 (449, 5, 449),
 (450, 5, 450),
 (451, 5, 451),
 (452, 5, 452),
 (453, 5, 453),
 (454, 5, 454),
 (455, 5, 455),
 (456, 5, 456),
 (457, 5, 457),
 (458, 5, 458),
 (459, 5, 459),
 (460, 5, 460),
 (461, 5, 461),
 (462, 5, 462),
 (463, 5, 463),
 (464, 5, 464),
 (465, 5, 465),
 (466, 5, 466),
 (467, 5, 467),
 (468, 5, 468),
 (469, 5, 469),
 (470, 5, 470),
 (471, 5, 471),
 (472, 5, 472),
 (473, 5, 473),
 (474, 5, 474),
 (475, 5, 475),
 (476, 5, 476),
 (477, 5, 477),
 (478, 5, 478),
 (479, 5, 479),
 (480, 5, 480),
 (481, 5, 481),
 (482, 5, 482),
 (483, 5, 483),
 (484, 5, 484),
 (485, 5, 485),
 (486, 5, 486),
 (487, 5, 487),
 (488, 5, 488),
 (489, 5, 489),
 (490, 5, 490),
 (491, 5, 491),
 (492, 5, 492),
 (493, 5, 493),
 (494, 5, 494),
 (495, 5, 495),
 (496, 5, 496),
 (497, 5, 497),
 (498, 5, 498),
 (499, 5, 499),
 (500, 5, 500),
 (501, 5, 501),
 (502, 5, 502),
 (503, 5, 503),
 (504, 5, 504),
 (505, 5, 505),
 (506, 5, 506),
 (507, 5, 507),
 (508, 5, 508),
 (509, 5, 509),
 (510, 5, 510),
 (511, 5, 511),
 (512, 5, 512),
 (513, 6, 513),
 (514, 6, 514),
 (515, 6, 515),
 (516, 6, 516),
 (517, 6, 517),
 (518, 6, 518),
 (519, 6, 519),
 (520, 6, 520),
 (521, 6, 521),
 (522, 6, 522),
 (523, 6, 523),
 (524, 6, 524),
 (525, 6, 525),
 (526, 6, 526),
 (527, 6, 527),
 (528, 6, 528),
 (529, 6, 529),
 (530, 6, 530),
 (531, 6, 531),
 (532, 6, 532),
 (533, 6, 533),
 (534, 6, 534),
 (535, 6, 535),
 (536, 6, 536),
 (537, 6, 537),
 (538, 6, 538),
 (539, 6, 539),
 (540, 6, 540),
 (541, 6, 541),
 (542, 6, 542),
 (543, 6, 543),
 (544, 6, 544),
 (545, 6, 545),
 (546, 6, 546),
 (547, 6, 547),
 (548, 6, 548),
 (549, 6, 549),
 (550, 6, 550),
 (551, 6, 551),
 (552, 6, 552),
 (553, 6, 553),
 (554, 6, 554),
 (555, 6, 555),
 (556, 6, 556),
 (557, 6, 557),
 (558, 6, 558),
 (559, 6, 559),
 (560, 6, 560),
 (561, 6, 561),
 (562, 6, 562),
 (563, 6, 563),
 (564, 6, 564),
 (565, 6, 565),
 (566, 6, 566),
 (567, 6, 567),
 (568, 6, 568),
 (569, 6, 569),
 (570, 6, 570),
 (571, 6, 571),
 (572, 6, 572),
 (573, 6, 573),
 (574, 6, 574),
 (575, 6, 575),
 (576, 6, 576),
 (577, 6, 577),
 (578, 6, 578),
 (579, 6, 579),
 (580, 6, 580),
 (581, 6, 581),
 (582, 6, 582),
 (583, 6, 583),
 (584, 6, 584),
 (585, 6, 585),
 (586, 6, 586),
 (587, 6, 587),
 (588, 6, 588),
 (589, 6, 589),
 (590, 6, 590),
 (591, 6, 591),
 (592, 6, 592),
 (593, 6, 593),
 (594, 6, 594),
 (595, 6, 595),
 (596, 6, 596),
 (597, 6, 597);;
